user_id,username,email,password,created_at
1,user1,user1@example.com,$2y$10$whjM3vH9l5z7k examplehashedpassword,2025-03-19 22:40:19.643072
2,user2,user2@example.com,$2y$10$whjM3vH9l5z7k examplehashedpassword,2024-05-01 03:43:57.273934
3,user3,user3@example.com,$2y$10$whjM3vH9l5z7k examplehashedpassword,2024-01-15 10:30:04.125276
4,user4,user4@example.com,$2y$10$whjM3vH9l5z7k examplehashedpassword,2024-02-27 04:15:29.900935
5,user5,user5@example.com,$2y$10$whjM3vH9l5z7k examplehashedpassword,2024-08-25 06:39:30.274887
6,user6,user6@example.com,$2y$10$whjM3vH9l5z7k examplehashedpassword,2024-03-20 22:11:15.768371
7,user7,user7@example.com,$2y$10$whjM3vH9l5z7k examplehashedpassword,2024-02-24 16:10:17.334644
8,user8,user8@example.com,$2y$10$whjM3vH9l5z7k examplehashedpassword,2024-02-15 17:58:52.96731
9,user9,user9@example.com,$2y$10$whjM3vH9l5z7k examplehashedpassword,2025-05-15 05:49:44.605047
10,user10,user10@example.com,$2y$10$whjM3vH9l5z7k examplehashedpassword,2025-11-20 09:21:13.613469
11,user11,user11@example.com,$2y$10$whjM3vH9l5z7k examplehashedpassword,2025-06-18 14:23:24.873932
12,user12,user12@example.com,$2y$10$whjM3vH9l5z7k examplehashedpassword,2025-09-06 06:00:10.940881
13,user13,user13@example.com,$2y$10$whjM3vH9l5z7k examplehashedpassword,2024-08-27 20:22:02.210208
14,user14,user14@example.com,$2y$10$whjM3vH9l5z7k examplehashedpassword,2025-04-14 06:53:03.992528
15,user15,user15@example.com,$2y$10$whjM3vH9l5z7k examplehashedpassword,2024-08-15 10:27:03.330589
16,user16,user16@example.com,$2y$10$whjM3vH9l5z7k examplehashedpassword,2025-06-29 05:37:21.439198
17,user17,user17@example.com,$2y$10$whjM3vH9l5z7k examplehashedpassword,2024-08-31 13:49:27.549882
18,user18,user18@example.com,$2y$10$whjM3vH9l5z7k examplehashedpassword,2024-04-26 00:42:13.170889
19,user19,user19@example.com,$2y$10$whjM3vH9l5z7k examplehashedpassword,2024-01-30 06:53:41.769657
20,user20,user20@example.com,$2y$10$whjM3vH9l5z7k examplehashedpassword,2025-11-08 19:18:53.514109
21,user21,user21@example.com,$2y$10$whjM3vH9l5z7k examplehashedpassword,2025-04-24 22:12:29.941225
22,user22,user22@example.com,$2y$10$whjM3vH9l5z7k examplehashedpassword,2024-04-05 23:56:11.953907
23,user23,user23@example.com,$2y$10$whjM3vH9l5z7k examplehashedpassword,2025-09-11 11:52:04.965464
24,user24,user24@example.com,$2y$10$whjM3vH9l5z7k examplehashedpassword,2025-01-15 21:43:35.697967
25,user25,user25@example.com,$2y$10$whjM3vH9l5z7k examplehashedpassword,2025-02-17 04:41:07.042852
26,user26,user26@example.com,$2y$10$whjM3vH9l5z7k examplehashedpassword,2024-10-29 23:13:58.36402
27,user27,user27@example.com,$2y$10$whjM3vH9l5z7k examplehashedpassword,2024-03-09 05:04:53.205284
28,user28,user28@example.com,$2y$10$whjM3vH9l5z7k examplehashedpassword,2025-02-11 20:45:01.162972
29,user29,user29@example.com,$2y$10$whjM3vH9l5z7k examplehashedpassword,2024-05-02 02:25:06.901492
30,user30,user30@example.com,$2y$10$whjM3vH9l5z7k examplehashedpassword,2025-03-14 14:27:40.130408
31,user31,user31@example.com,$2y$10$whjM3vH9l5z7k examplehashedpassword,2024-01-23 00:04:06.631107
32,user32,user32@example.com,$2y$10$whjM3vH9l5z7k examplehashedpassword,2024-07-17 13:35:48.586317
33,user33,user33@example.com,$2y$10$whjM3vH9l5z7k examplehashedpassword,2024-01-27 20:59:45.233439
34,user34,user34@example.com,$2y$10$whjM3vH9l5z7k examplehashedpassword,2025-01-03 17:58:04.221316
35,user35,user35@example.com,$2y$10$whjM3vH9l5z7k examplehashedpassword,2025-04-25 22:19:16.534827
36,user36,user36@example.com,$2y$10$whjM3vH9l5z7k examplehashedpassword,2024-08-04 09:29:38.818751
37,user37,user37@example.com,$2y$10$whjM3vH9l5z7k examplehashedpassword,2025-03-08 11:30:12.973673
38,user38,user38@example.com,$2y$10$whjM3vH9l5z7k examplehashedpassword,2024-02-16 07:42:01.699491
39,user39,user39@example.com,$2y$10$whjM3vH9l5z7k examplehashedpassword,2025-07-05 07:39:31.163351
40,user40,user40@example.com,$2y$10$whjM3vH9l5z7k examplehashedpassword,2025-08-29 08:03:54.717507
41,user41,user41@example.com,$2y$10$whjM3vH9l5z7k examplehashedpassword,2024-06-13 12:23:25.778477
42,user42,user42@example.com,$2y$10$whjM3vH9l5z7k examplehashedpassword,2025-06-23 19:20:58.128241
43,user43,user43@example.com,$2y$10$whjM3vH9l5z7k examplehashedpassword,2025-05-17 10:57:47.970938
44,user44,user44@example.com,$2y$10$whjM3vH9l5z7k examplehashedpassword,2024-04-26 09:25:43.155914
45,user45,user45@example.com,$2y$10$whjM3vH9l5z7k examplehashedpassword,2024-08-22 07:51:24.82605
46,user46,user46@example.com,$2y$10$whjM3vH9l5z7k examplehashedpassword,2024-06-23 07:32:28.547917
47,user47,user47@example.com,$2y$10$whjM3vH9l5z7k examplehashedpassword,2024-06-20 23:05:06.133954
48,user48,user48@example.com,$2y$10$whjM3vH9l5z7k examplehashedpassword,2024-04-25 07:41:22.40219
49,user49,user49@example.com,$2y$10$whjM3vH9l5z7k examplehashedpassword,2024-02-05 20:18:30.497798
50,user50,user50@example.com,$2y$10$whjM3vH9l5z7k examplehashedpassword,2025-10-12 01:12:00.421629
51,user51,user51@example.com,$2y$10$whjM3vH9l5z7k examplehashedpassword,2025-09-12 04:35:14.053609
52,user52,user52@example.com,$2y$10$whjM3vH9l5z7k examplehashedpassword,2025-08-23 04:44:42.743057
53,user53,user53@example.com,$2y$10$whjM3vH9l5z7k examplehashedpassword,2025-05-21 18:48:53.433167
54,user54,user54@example.com,$2y$10$whjM3vH9l5z7k examplehashedpassword,2024-11-26 05:21:10.404804
55,user55,user55@example.com,$2y$10$whjM3vH9l5z7k examplehashedpassword,2024-09-08 09:58:52.991002
56,user56,user56@example.com,$2y$10$whjM3vH9l5z7k examplehashedpassword,2025-08-16 09:19:07.502531
57,user57,user57@example.com,$2y$10$whjM3vH9l5z7k examplehashedpassword,2024-02-05 13:29:51.79862
58,user58,user58@example.com,$2y$10$whjM3vH9l5z7k examplehashedpassword,2025-07-17 11:54:47.004244
59,user59,user59@example.com,$2y$10$whjM3vH9l5z7k examplehashedpassword,2025-07-14 20:45:42.741761
60,user60,user60@example.com,$2y$10$whjM3vH9l5z7k examplehashedpassword,2025-09-08 11:55:39.558056
61,user61,user61@example.com,$2y$10$whjM3vH9l5z7k examplehashedpassword,2024-07-21 17:26:35.095289
62,user62,user62@example.com,$2y$10$whjM3vH9l5z7k examplehashedpassword,2024-03-22 16:50:36.765359
63,user63,user63@example.com,$2y$10$whjM3vH9l5z7k examplehashedpassword,2025-05-01 02:46:00.661962
64,user64,user64@example.com,$2y$10$whjM3vH9l5z7k examplehashedpassword,2024-11-13 21:51:26.953836
65,user65,user65@example.com,$2y$10$whjM3vH9l5z7k examplehashedpassword,2024-12-02 13:49:28.851882
66,user66,user66@example.com,$2y$10$whjM3vH9l5z7k examplehashedpassword,2025-08-10 12:55:33.288458
67,user67,user67@example.com,$2y$10$whjM3vH9l5z7k examplehashedpassword,2025-09-28 04:39:23.340108
68,user68,user68@example.com,$2y$10$whjM3vH9l5z7k examplehashedpassword,2024-10-23 00:48:38.593708
69,user69,user69@example.com,$2y$10$whjM3vH9l5z7k examplehashedpassword,2025-09-07 17:57:46.746734
70,user70,user70@example.com,$2y$10$whjM3vH9l5z7k examplehashedpassword,2024-07-22 10:13:07.022052
71,user71,user71@example.com,$2y$10$whjM3vH9l5z7k examplehashedpassword,2024-07-07 21:40:50.310336
72,user72,user72@example.com,$2y$10$whjM3vH9l5z7k examplehashedpassword,2024-05-01 08:39:50.445733
73,user73,user73@example.com,$2y$10$whjM3vH9l5z7k examplehashedpassword,2024-05-26 08:14:00.699213
74,user74,user74@example.com,$2y$10$whjM3vH9l5z7k examplehashedpassword,2025-08-07 18:11:50.303511
75,user75,user75@example.com,$2y$10$whjM3vH9l5z7k examplehashedpassword,2025-02-24 01:26:52.334494
76,user76,user76@example.com,$2y$10$whjM3vH9l5z7k examplehashedpassword,2024-01-08 01:21:19.52855
77,user77,user77@example.com,$2y$10$whjM3vH9l5z7k examplehashedpassword,2025-02-10 18:40:43.693384
78,user78,user78@example.com,$2y$10$whjM3vH9l5z7k examplehashedpassword,2024-10-14 06:41:01.289343
79,user79,user79@example.com,$2y$10$whjM3vH9l5z7k examplehashedpassword,2025-01-18 06:45:33.465111
80,user80,user80@example.com,$2y$10$whjM3vH9l5z7k examplehashedpassword,2025-05-10 13:20:20.006565
81,user81,user81@example.com,$2y$10$whjM3vH9l5z7k examplehashedpassword,2024-09-11 17:34:07.491107
82,user82,user82@example.com,$2y$10$whjM3vH9l5z7k examplehashedpassword,2024-12-04 18:02:51.13078
83,user83,user83@example.com,$2y$10$whjM3vH9l5z7k examplehashedpassword,2024-02-12 15:38:59.655752
84,user84,user84@example.com,$2y$10$whjM3vH9l5z7k examplehashedpassword,2024-04-13 23:58:40.430833
85,user85,user85@example.com,$2y$10$whjM3vH9l5z7k examplehashedpassword,2024-12-01 02:53:55.715468
86,user86,user86@example.com,$2y$10$whjM3vH9l5z7k examplehashedpassword,2024-09-01 13:31:56.862095
87,user87,user87@example.com,$2y$10$whjM3vH9l5z7k examplehashedpassword,2024-09-06 03:33:04.533598
88,user88,user88@example.com,$2y$10$whjM3vH9l5z7k examplehashedpassword,2024-04-20 04:43:35.073397
89,user89,user89@example.com,$2y$10$whjM3vH9l5z7k examplehashedpassword,2025-08-02 20:26:01.05332
90,user90,user90@example.com,$2y$10$whjM3vH9l5z7k examplehashedpassword,2024-04-29 02:37:40.864327
91,user91,user91@example.com,$2y$10$whjM3vH9l5z7k examplehashedpassword,2024-07-11 13:38:22.625026
92,user92,user92@example.com,$2y$10$whjM3vH9l5z7k examplehashedpassword,2024-02-29 17:46:29.573553
93,user93,user93@example.com,$2y$10$whjM3vH9l5z7k examplehashedpassword,2024-12-19 21:31:22.684947
94,user94,user94@example.com,$2y$10$whjM3vH9l5z7k examplehashedpassword,2025-08-07 12:05:43.713109
95,user95,user95@example.com,$2y$10$whjM3vH9l5z7k examplehashedpassword,2024-05-16 19:13:19.296426
96,user96,user96@example.com,$2y$10$whjM3vH9l5z7k examplehashedpassword,2024-09-08 14:18:49.190461
97,user97,user97@example.com,$2y$10$whjM3vH9l5z7k examplehashedpassword,2025-02-19 22:17:42.614406
98,user98,user98@example.com,$2y$10$whjM3vH9l5z7k examplehashedpassword,2025-07-05 09:27:13.107491
99,user99,user99@example.com,$2y$10$whjM3vH9l5z7k examplehashedpassword,2025-01-15 20:32:14.61313
100,user100,user100@example.com,$2y$10$whjM3vH9l5z7k examplehashedpassword,2024-02-22 06:59:57.162016
101,user101,user101@example.com,$2y$10$whjM3vH9l5z7k examplehashedpassword,2025-01-20 01:48:07.135454
102,user102,user102@example.com,$2y$10$whjM3vH9l5z7k examplehashedpassword,2024-09-16 21:46:57.589338
103,user103,user103@example.com,$2y$10$whjM3vH9l5z7k examplehashedpassword,2025-04-20 16:16:42.618121
104,user104,user104@example.com,$2y$10$whjM3vH9l5z7k examplehashedpassword,2024-02-23 16:34:00.837097
105,user105,user105@example.com,$2y$10$whjM3vH9l5z7k examplehashedpassword,2025-10-23 22:09:37.153411
106,user106,user106@example.com,$2y$10$whjM3vH9l5z7k examplehashedpassword,2024-02-17 16:09:32.467185
107,user107,user107@example.com,$2y$10$whjM3vH9l5z7k examplehashedpassword,2025-04-03 18:09:36.538655
108,user108,user108@example.com,$2y$10$whjM3vH9l5z7k examplehashedpassword,2024-02-23 16:43:07.288529
109,user109,user109@example.com,$2y$10$whjM3vH9l5z7k examplehashedpassword,2025-10-19 01:41:32.842838
110,user110,user110@example.com,$2y$10$whjM3vH9l5z7k examplehashedpassword,2024-08-14 17:48:09.298178
111,user111,user111@example.com,$2y$10$whjM3vH9l5z7k examplehashedpassword,2025-02-18 09:42:35.41296
112,user112,user112@example.com,$2y$10$whjM3vH9l5z7k examplehashedpassword,2024-01-31 20:53:26.504919
113,user113,user113@example.com,$2y$10$whjM3vH9l5z7k examplehashedpassword,2025-08-11 23:40:17.553739
114,user114,user114@example.com,$2y$10$whjM3vH9l5z7k examplehashedpassword,2025-09-30 15:00:25.700886
115,user115,user115@example.com,$2y$10$whjM3vH9l5z7k examplehashedpassword,2024-11-30 00:35:40.048327
116,user116,user116@example.com,$2y$10$whjM3vH9l5z7k examplehashedpassword,2024-04-04 15:17:26.955978
117,user117,user117@example.com,$2y$10$whjM3vH9l5z7k examplehashedpassword,2024-04-30 17:34:31.299479
118,user118,user118@example.com,$2y$10$whjM3vH9l5z7k examplehashedpassword,2025-03-30 23:11:20.676091
119,user119,user119@example.com,$2y$10$whjM3vH9l5z7k examplehashedpassword,2024-09-07 20:07:33.920387
120,user120,user120@example.com,$2y$10$whjM3vH9l5z7k examplehashedpassword,2024-10-06 09:16:59.634521
121,user121,user121@example.com,$2y$10$whjM3vH9l5z7k examplehashedpassword,2024-11-01 13:44:51.036301
122,user122,user122@example.com,$2y$10$whjM3vH9l5z7k examplehashedpassword,2024-03-10 08:06:17.260215
123,user123,user123@example.com,$2y$10$whjM3vH9l5z7k examplehashedpassword,2025-08-31 07:27:19.167833
124,user124,user124@example.com,$2y$10$whjM3vH9l5z7k examplehashedpassword,2025-01-05 09:42:43.276753
125,user125,user125@example.com,$2y$10$whjM3vH9l5z7k examplehashedpassword,2024-01-11 14:37:55.713678
126,user126,user126@example.com,$2y$10$whjM3vH9l5z7k examplehashedpassword,2024-01-23 05:32:18.167801
127,user127,user127@example.com,$2y$10$whjM3vH9l5z7k examplehashedpassword,2024-06-09 03:05:43.026436
128,user128,user128@example.com,$2y$10$whjM3vH9l5z7k examplehashedpassword,2025-03-17 14:59:20.45504
129,user129,user129@example.com,$2y$10$whjM3vH9l5z7k examplehashedpassword,2024-08-10 05:25:54.812055
130,user130,user130@example.com,$2y$10$whjM3vH9l5z7k examplehashedpassword,2024-11-07 11:59:41.292479
131,user131,user131@example.com,$2y$10$whjM3vH9l5z7k examplehashedpassword,2024-08-13 18:23:28.5051
132,user132,user132@example.com,$2y$10$whjM3vH9l5z7k examplehashedpassword,2025-10-23 13:16:24.05213
133,user133,user133@example.com,$2y$10$whjM3vH9l5z7k examplehashedpassword,2025-01-03 16:29:43.274388
134,user134,user134@example.com,$2y$10$whjM3vH9l5z7k examplehashedpassword,2025-10-30 05:43:04.849532
135,user135,user135@example.com,$2y$10$whjM3vH9l5z7k examplehashedpassword,2025-04-30 01:23:25.661951
136,user136,user136@example.com,$2y$10$whjM3vH9l5z7k examplehashedpassword,2025-02-17 16:31:51.277926
137,user137,user137@example.com,$2y$10$whjM3vH9l5z7k examplehashedpassword,2025-03-29 18:52:36.460668
138,user138,user138@example.com,$2y$10$whjM3vH9l5z7k examplehashedpassword,2024-11-05 11:07:48.119287
139,user139,user139@example.com,$2y$10$whjM3vH9l5z7k examplehashedpassword,2024-11-09 02:19:36.227471
140,user140,user140@example.com,$2y$10$whjM3vH9l5z7k examplehashedpassword,2024-04-01 01:00:54.167607
141,user141,user141@example.com,$2y$10$whjM3vH9l5z7k examplehashedpassword,2024-04-20 01:38:03.799715
142,user142,user142@example.com,$2y$10$whjM3vH9l5z7k examplehashedpassword,2025-04-15 20:44:22.311627
143,user143,user143@example.com,$2y$10$whjM3vH9l5z7k examplehashedpassword,2025-04-18 19:59:34.391806
144,user144,user144@example.com,$2y$10$whjM3vH9l5z7k examplehashedpassword,2025-03-24 22:13:21.638716
145,user145,user145@example.com,$2y$10$whjM3vH9l5z7k examplehashedpassword,2025-02-10 04:33:19.166374
146,user146,user146@example.com,$2y$10$whjM3vH9l5z7k examplehashedpassword,2025-06-27 09:53:56.1577
147,user147,user147@example.com,$2y$10$whjM3vH9l5z7k examplehashedpassword,2024-11-09 11:21:36.884495
148,user148,user148@example.com,$2y$10$whjM3vH9l5z7k examplehashedpassword,2024-05-26 02:32:44.63762
149,user149,user149@example.com,$2y$10$whjM3vH9l5z7k examplehashedpassword,2025-03-17 04:31:41.738787
150,user150,user150@example.com,$2y$10$whjM3vH9l5z7k examplehashedpassword,2024-05-01 11:33:33.262582
151,user151,user151@example.com,$2y$10$whjM3vH9l5z7k examplehashedpassword,2024-10-06 09:18:35.837716
152,user152,user152@example.com,$2y$10$whjM3vH9l5z7k examplehashedpassword,2024-05-18 10:27:33.574314
153,user153,user153@example.com,$2y$10$whjM3vH9l5z7k examplehashedpassword,2024-12-02 07:05:24.550631
154,user154,user154@example.com,$2y$10$whjM3vH9l5z7k examplehashedpassword,2024-11-22 05:06:22.694381
155,user155,user155@example.com,$2y$10$whjM3vH9l5z7k examplehashedpassword,2024-02-01 14:18:48.177569
156,user156,user156@example.com,$2y$10$whjM3vH9l5z7k examplehashedpassword,2024-04-23 07:29:19.068406
157,user157,user157@example.com,$2y$10$whjM3vH9l5z7k examplehashedpassword,2024-02-01 18:15:30.582038
158,user158,user158@example.com,$2y$10$whjM3vH9l5z7k examplehashedpassword,2024-01-02 21:57:13.702755
159,user159,user159@example.com,$2y$10$whjM3vH9l5z7k examplehashedpassword,2025-01-06 12:31:29.748605
160,user160,user160@example.com,$2y$10$whjM3vH9l5z7k examplehashedpassword,2025-02-28 11:14:37.013838
161,user161,user161@example.com,$2y$10$whjM3vH9l5z7k examplehashedpassword,2024-04-28 15:12:07.057548
162,user162,user162@example.com,$2y$10$whjM3vH9l5z7k examplehashedpassword,2025-03-11 21:46:37.09059
163,user163,user163@example.com,$2y$10$whjM3vH9l5z7k examplehashedpassword,2024-07-08 08:09:31.654512
164,user164,user164@example.com,$2y$10$whjM3vH9l5z7k examplehashedpassword,2024-02-28 13:17:54.378078
165,user165,user165@example.com,$2y$10$whjM3vH9l5z7k examplehashedpassword,2024-10-23 13:36:45.719856
166,user166,user166@example.com,$2y$10$whjM3vH9l5z7k examplehashedpassword,2024-11-21 17:02:04.331389
167,user167,user167@example.com,$2y$10$whjM3vH9l5z7k examplehashedpassword,2025-03-17 03:24:27.225276
168,user168,user168@example.com,$2y$10$whjM3vH9l5z7k examplehashedpassword,2025-08-19 08:40:24.263605
169,user169,user169@example.com,$2y$10$whjM3vH9l5z7k examplehashedpassword,2024-11-20 08:01:32.16117
170,user170,user170@example.com,$2y$10$whjM3vH9l5z7k examplehashedpassword,2024-03-30 12:47:59.063914
171,user171,user171@example.com,$2y$10$whjM3vH9l5z7k examplehashedpassword,2025-09-26 09:03:33.410132
172,user172,user172@example.com,$2y$10$whjM3vH9l5z7k examplehashedpassword,2024-05-20 17:47:31.618643
173,user173,user173@example.com,$2y$10$whjM3vH9l5z7k examplehashedpassword,2025-08-07 22:50:35.023657
174,user174,user174@example.com,$2y$10$whjM3vH9l5z7k examplehashedpassword,2024-03-01 23:45:41.297569
175,user175,user175@example.com,$2y$10$whjM3vH9l5z7k examplehashedpassword,2024-06-17 10:04:01.401258
176,user176,user176@example.com,$2y$10$whjM3vH9l5z7k examplehashedpassword,2024-04-28 19:15:45.954373
177,user177,user177@example.com,$2y$10$whjM3vH9l5z7k examplehashedpassword,2024-09-21 05:24:02.443045
178,user178,user178@example.com,$2y$10$whjM3vH9l5z7k examplehashedpassword,2024-05-28 01:58:32.242157
179,user179,user179@example.com,$2y$10$whjM3vH9l5z7k examplehashedpassword,2025-11-24 18:44:22.712051
180,user180,user180@example.com,$2y$10$whjM3vH9l5z7k examplehashedpassword,2024-01-06 05:02:24.695772
181,user181,user181@example.com,$2y$10$whjM3vH9l5z7k examplehashedpassword,2024-09-29 15:36:47.534363
182,user182,user182@example.com,$2y$10$whjM3vH9l5z7k examplehashedpassword,2024-03-12 05:10:54.028363
183,user183,user183@example.com,$2y$10$whjM3vH9l5z7k examplehashedpassword,2024-03-07 10:28:07.39422
184,user184,user184@example.com,$2y$10$whjM3vH9l5z7k examplehashedpassword,2025-11-18 23:05:39.353199
185,user185,user185@example.com,$2y$10$whjM3vH9l5z7k examplehashedpassword,2025-05-31 15:51:25.849776
186,user186,user186@example.com,$2y$10$whjM3vH9l5z7k examplehashedpassword,2024-09-17 23:56:09.974915
187,user187,user187@example.com,$2y$10$whjM3vH9l5z7k examplehashedpassword,2025-05-28 13:09:58.431676
188,user188,user188@example.com,$2y$10$whjM3vH9l5z7k examplehashedpassword,2024-09-19 09:16:12.936381
189,user189,user189@example.com,$2y$10$whjM3vH9l5z7k examplehashedpassword,2025-11-19 11:07:02.576423
190,user190,user190@example.com,$2y$10$whjM3vH9l5z7k examplehashedpassword,2025-04-17 02:30:48.452141
191,user191,user191@example.com,$2y$10$whjM3vH9l5z7k examplehashedpassword,2024-04-06 07:08:00.383006
192,user192,user192@example.com,$2y$10$whjM3vH9l5z7k examplehashedpassword,2024-03-03 14:16:12.954082
193,user193,user193@example.com,$2y$10$whjM3vH9l5z7k examplehashedpassword,2025-07-13 04:34:35.912953
194,user194,user194@example.com,$2y$10$whjM3vH9l5z7k examplehashedpassword,2024-01-26 06:32:49.119181
195,user195,user195@example.com,$2y$10$whjM3vH9l5z7k examplehashedpassword,2025-06-04 13:52:01.923735
196,user196,user196@example.com,$2y$10$whjM3vH9l5z7k examplehashedpassword,2025-09-17 03:22:45.15415
197,user197,user197@example.com,$2y$10$whjM3vH9l5z7k examplehashedpassword,2025-06-11 03:56:39.027354
198,user198,user198@example.com,$2y$10$whjM3vH9l5z7k examplehashedpassword,2024-09-21 12:47:04.150841
199,user199,user199@example.com,$2y$10$whjM3vH9l5z7k examplehashedpassword,2024-11-02 07:47:58.561234
200,user200,user200@example.com,$2y$10$whjM3vH9l5z7k examplehashedpassword,2024-04-26 02:37:46.851717
201,user201,user201@example.com,$2y$10$whjM3vH9l5z7k examplehashedpassword,2024-10-01 10:53:36.576343
202,user202,user202@example.com,$2y$10$whjM3vH9l5z7k examplehashedpassword,2024-12-05 23:44:19.008778
203,user203,user203@example.com,$2y$10$whjM3vH9l5z7k examplehashedpassword,2025-07-20 21:21:31.15267
204,user204,user204@example.com,$2y$10$whjM3vH9l5z7k examplehashedpassword,2025-06-05 12:03:08.270843
205,user205,user205@example.com,$2y$10$whjM3vH9l5z7k examplehashedpassword,2025-04-03 17:05:20.503127
206,user206,user206@example.com,$2y$10$whjM3vH9l5z7k examplehashedpassword,2024-01-29 03:35:04.524708
207,user207,user207@example.com,$2y$10$whjM3vH9l5z7k examplehashedpassword,2025-07-05 23:31:58.995674
208,user208,user208@example.com,$2y$10$whjM3vH9l5z7k examplehashedpassword,2024-11-25 14:22:44.386005
209,user209,user209@example.com,$2y$10$whjM3vH9l5z7k examplehashedpassword,2024-06-10 23:39:32.379766
210,user210,user210@example.com,$2y$10$whjM3vH9l5z7k examplehashedpassword,2025-09-14 05:34:07.403096
211,user211,user211@example.com,$2y$10$whjM3vH9l5z7k examplehashedpassword,2025-09-18 15:46:16.909796
212,user212,user212@example.com,$2y$10$whjM3vH9l5z7k examplehashedpassword,2025-11-07 12:48:46.827123
213,user213,user213@example.com,$2y$10$whjM3vH9l5z7k examplehashedpassword,2024-06-22 09:14:05.895623
214,user214,user214@example.com,$2y$10$whjM3vH9l5z7k examplehashedpassword,2024-05-01 16:29:19.422985
215,user215,user215@example.com,$2y$10$whjM3vH9l5z7k examplehashedpassword,2025-10-19 15:10:19.75637
216,user216,user216@example.com,$2y$10$whjM3vH9l5z7k examplehashedpassword,2024-02-19 16:19:01.719968
217,user217,user217@example.com,$2y$10$whjM3vH9l5z7k examplehashedpassword,2025-03-29 23:26:10.681793
218,user218,user218@example.com,$2y$10$whjM3vH9l5z7k examplehashedpassword,2025-04-16 08:48:12.027945
219,user219,user219@example.com,$2y$10$whjM3vH9l5z7k examplehashedpassword,2024-06-22 01:05:24.648498
220,user220,user220@example.com,$2y$10$whjM3vH9l5z7k examplehashedpassword,2025-03-15 04:37:07.614748
221,user221,user221@example.com,$2y$10$whjM3vH9l5z7k examplehashedpassword,2024-04-10 17:48:31.28018
222,user222,user222@example.com,$2y$10$whjM3vH9l5z7k examplehashedpassword,2025-02-17 20:29:56.244908
223,user223,user223@example.com,$2y$10$whjM3vH9l5z7k examplehashedpassword,2024-10-05 17:08:54.464574
224,user224,user224@example.com,$2y$10$whjM3vH9l5z7k examplehashedpassword,2024-09-14 01:40:04.984775
225,user225,user225@example.com,$2y$10$whjM3vH9l5z7k examplehashedpassword,2024-01-15 02:43:51.133292
226,user226,user226@example.com,$2y$10$whjM3vH9l5z7k examplehashedpassword,2024-01-10 18:35:04.335966
227,user227,user227@example.com,$2y$10$whjM3vH9l5z7k examplehashedpassword,2025-05-18 04:38:36.097315
228,user228,user228@example.com,$2y$10$whjM3vH9l5z7k examplehashedpassword,2025-05-04 00:06:31.123135
229,user229,user229@example.com,$2y$10$whjM3vH9l5z7k examplehashedpassword,2025-02-14 10:47:06.592943
230,user230,user230@example.com,$2y$10$whjM3vH9l5z7k examplehashedpassword,2025-09-13 10:00:29.348191
231,user231,user231@example.com,$2y$10$whjM3vH9l5z7k examplehashedpassword,2025-05-21 17:21:07.275363
232,user232,user232@example.com,$2y$10$whjM3vH9l5z7k examplehashedpassword,2024-05-21 06:55:07.530765
233,user233,user233@example.com,$2y$10$whjM3vH9l5z7k examplehashedpassword,2024-02-05 08:03:48.354629
234,user234,user234@example.com,$2y$10$whjM3vH9l5z7k examplehashedpassword,2024-01-15 09:44:20.537173
235,user235,user235@example.com,$2y$10$whjM3vH9l5z7k examplehashedpassword,2024-04-26 05:14:22.21958
236,user236,user236@example.com,$2y$10$whjM3vH9l5z7k examplehashedpassword,2024-04-30 07:25:01.694253
237,user237,user237@example.com,$2y$10$whjM3vH9l5z7k examplehashedpassword,2025-09-09 10:33:18.599933
238,user238,user238@example.com,$2y$10$whjM3vH9l5z7k examplehashedpassword,2024-02-13 06:40:22.328284
239,user239,user239@example.com,$2y$10$whjM3vH9l5z7k examplehashedpassword,2024-11-29 01:30:29.591417
240,user240,user240@example.com,$2y$10$whjM3vH9l5z7k examplehashedpassword,2025-03-08 09:38:58.97701
241,user241,user241@example.com,$2y$10$whjM3vH9l5z7k examplehashedpassword,2025-11-19 03:48:10.916964
242,user242,user242@example.com,$2y$10$whjM3vH9l5z7k examplehashedpassword,2024-02-24 18:05:57.937612
243,user243,user243@example.com,$2y$10$whjM3vH9l5z7k examplehashedpassword,2024-09-04 19:26:51.128484
244,user244,user244@example.com,$2y$10$whjM3vH9l5z7k examplehashedpassword,2024-01-22 23:49:28.274076
245,user245,user245@example.com,$2y$10$whjM3vH9l5z7k examplehashedpassword,2024-12-08 08:22:12.338809
246,user246,user246@example.com,$2y$10$whjM3vH9l5z7k examplehashedpassword,2025-03-27 14:09:19.094818
247,user247,user247@example.com,$2y$10$whjM3vH9l5z7k examplehashedpassword,2024-02-29 21:13:52.878341
248,user248,user248@example.com,$2y$10$whjM3vH9l5z7k examplehashedpassword,2024-12-06 04:38:03.851845
249,user249,user249@example.com,$2y$10$whjM3vH9l5z7k examplehashedpassword,2024-12-10 22:03:32.391457
250,user250,user250@example.com,$2y$10$whjM3vH9l5z7k examplehashedpassword,2025-09-11 07:30:58.521289
251,user251,user251@example.com,$2y$10$whjM3vH9l5z7k examplehashedpassword,2024-05-09 06:16:06.16724
252,user252,user252@example.com,$2y$10$whjM3vH9l5z7k examplehashedpassword,2025-07-11 21:43:19.863519
253,user253,user253@example.com,$2y$10$whjM3vH9l5z7k examplehashedpassword,2025-03-13 14:29:24.420043
254,user254,user254@example.com,$2y$10$whjM3vH9l5z7k examplehashedpassword,2024-05-09 08:48:54.645992
255,user255,user255@example.com,$2y$10$whjM3vH9l5z7k examplehashedpassword,2024-05-02 21:27:47.931037
256,user256,user256@example.com,$2y$10$whjM3vH9l5z7k examplehashedpassword,2024-11-08 22:22:13.936958
257,user257,user257@example.com,$2y$10$whjM3vH9l5z7k examplehashedpassword,2024-03-08 01:58:03.676346
258,user258,user258@example.com,$2y$10$whjM3vH9l5z7k examplehashedpassword,2024-06-28 20:09:13.050401
259,user259,user259@example.com,$2y$10$whjM3vH9l5z7k examplehashedpassword,2025-04-21 19:52:38.932359
260,user260,user260@example.com,$2y$10$whjM3vH9l5z7k examplehashedpassword,2025-07-24 06:52:44.913096
261,user261,user261@example.com,$2y$10$whjM3vH9l5z7k examplehashedpassword,2024-08-29 07:38:19.350982
262,user262,user262@example.com,$2y$10$whjM3vH9l5z7k examplehashedpassword,2025-11-23 17:11:20.07061
263,user263,user263@example.com,$2y$10$whjM3vH9l5z7k examplehashedpassword,2025-05-26 13:52:02.966531
264,user264,user264@example.com,$2y$10$whjM3vH9l5z7k examplehashedpassword,2025-11-25 00:31:12.706659
265,user265,user265@example.com,$2y$10$whjM3vH9l5z7k examplehashedpassword,2025-10-29 04:08:11.232769
266,user266,user266@example.com,$2y$10$whjM3vH9l5z7k examplehashedpassword,2025-06-22 22:23:11.011296
267,user267,user267@example.com,$2y$10$whjM3vH9l5z7k examplehashedpassword,2025-05-18 09:39:32.831749
268,user268,user268@example.com,$2y$10$whjM3vH9l5z7k examplehashedpassword,2025-07-27 02:53:20.737628
269,user269,user269@example.com,$2y$10$whjM3vH9l5z7k examplehashedpassword,2025-04-18 13:31:13.218497
270,user270,user270@example.com,$2y$10$whjM3vH9l5z7k examplehashedpassword,2025-10-08 12:51:12.658362
271,user271,user271@example.com,$2y$10$whjM3vH9l5z7k examplehashedpassword,2024-07-29 16:27:40.879373
272,user272,user272@example.com,$2y$10$whjM3vH9l5z7k examplehashedpassword,2024-02-04 22:38:19.696196
273,user273,user273@example.com,$2y$10$whjM3vH9l5z7k examplehashedpassword,2025-02-16 00:19:17.286075
274,user274,user274@example.com,$2y$10$whjM3vH9l5z7k examplehashedpassword,2025-02-01 21:58:34.159198
275,user275,user275@example.com,$2y$10$whjM3vH9l5z7k examplehashedpassword,2024-05-11 08:06:33.869369
276,user276,user276@example.com,$2y$10$whjM3vH9l5z7k examplehashedpassword,2024-02-29 17:40:51.442027
277,user277,user277@example.com,$2y$10$whjM3vH9l5z7k examplehashedpassword,2024-06-05 16:16:29.45901
278,user278,user278@example.com,$2y$10$whjM3vH9l5z7k examplehashedpassword,2025-05-31 11:25:41.181337
279,user279,user279@example.com,$2y$10$whjM3vH9l5z7k examplehashedpassword,2025-07-11 08:43:29.703011
280,user280,user280@example.com,$2y$10$whjM3vH9l5z7k examplehashedpassword,2025-02-17 03:01:47.329332
281,user281,user281@example.com,$2y$10$whjM3vH9l5z7k examplehashedpassword,2024-09-09 13:00:23.135201
282,user282,user282@example.com,$2y$10$whjM3vH9l5z7k examplehashedpassword,2024-08-30 01:21:40.948122
283,user283,user283@example.com,$2y$10$whjM3vH9l5z7k examplehashedpassword,2024-12-01 07:01:06.380387
284,user284,user284@example.com,$2y$10$whjM3vH9l5z7k examplehashedpassword,2025-05-20 13:02:01.071898
285,user285,user285@example.com,$2y$10$whjM3vH9l5z7k examplehashedpassword,2025-10-06 03:38:03.22713
286,user286,user286@example.com,$2y$10$whjM3vH9l5z7k examplehashedpassword,2024-09-02 06:55:28.91734
287,user287,user287@example.com,$2y$10$whjM3vH9l5z7k examplehashedpassword,2025-09-29 22:10:39.227658
288,user288,user288@example.com,$2y$10$whjM3vH9l5z7k examplehashedpassword,2025-11-08 16:01:23.477441
289,user289,user289@example.com,$2y$10$whjM3vH9l5z7k examplehashedpassword,2025-07-02 05:38:50.677965
290,user290,user290@example.com,$2y$10$whjM3vH9l5z7k examplehashedpassword,2024-12-04 09:29:01.210456
291,user291,user291@example.com,$2y$10$whjM3vH9l5z7k examplehashedpassword,2025-07-15 06:50:09.711917
292,user292,user292@example.com,$2y$10$whjM3vH9l5z7k examplehashedpassword,2025-11-30 13:55:23.56128
293,user293,user293@example.com,$2y$10$whjM3vH9l5z7k examplehashedpassword,2024-02-12 10:57:29.280156
294,user294,user294@example.com,$2y$10$whjM3vH9l5z7k examplehashedpassword,2024-11-22 13:46:03.7007
295,user295,user295@example.com,$2y$10$whjM3vH9l5z7k examplehashedpassword,2025-01-08 20:09:45.439552
296,user296,user296@example.com,$2y$10$whjM3vH9l5z7k examplehashedpassword,2024-07-22 14:57:18.672727
297,user297,user297@example.com,$2y$10$whjM3vH9l5z7k examplehashedpassword,2024-01-12 19:40:09.590717
298,user298,user298@example.com,$2y$10$whjM3vH9l5z7k examplehashedpassword,2025-01-07 17:30:48.260052
299,user299,user299@example.com,$2y$10$whjM3vH9l5z7k examplehashedpassword,2024-06-26 23:09:20.036691
300,user300,user300@example.com,$2y$10$whjM3vH9l5z7k examplehashedpassword,2025-06-22 06:07:41.57938
301,user301,user301@example.com,$2y$10$whjM3vH9l5z7k examplehashedpassword,2025-01-21 12:25:08.175818
302,user302,user302@example.com,$2y$10$whjM3vH9l5z7k examplehashedpassword,2024-10-03 18:42:02.496951
303,user303,user303@example.com,$2y$10$whjM3vH9l5z7k examplehashedpassword,2025-03-30 18:29:50.130471
304,user304,user304@example.com,$2y$10$whjM3vH9l5z7k examplehashedpassword,2025-05-10 05:14:38.390763
305,user305,user305@example.com,$2y$10$whjM3vH9l5z7k examplehashedpassword,2025-01-07 18:11:28.182222
306,user306,user306@example.com,$2y$10$whjM3vH9l5z7k examplehashedpassword,2025-01-03 19:59:11.026307
307,user307,user307@example.com,$2y$10$whjM3vH9l5z7k examplehashedpassword,2025-10-12 04:20:18.699679
308,user308,user308@example.com,$2y$10$whjM3vH9l5z7k examplehashedpassword,2024-04-24 03:48:19.824117
309,user309,user309@example.com,$2y$10$whjM3vH9l5z7k examplehashedpassword,2024-08-24 21:28:02.316481
310,user310,user310@example.com,$2y$10$whjM3vH9l5z7k examplehashedpassword,2024-06-30 23:56:05.093328
311,user311,user311@example.com,$2y$10$whjM3vH9l5z7k examplehashedpassword,2025-05-17 11:26:50.104987
312,user312,user312@example.com,$2y$10$whjM3vH9l5z7k examplehashedpassword,2025-10-28 22:46:35.246163
313,user313,user313@example.com,$2y$10$whjM3vH9l5z7k examplehashedpassword,2024-06-28 04:20:20.21865
314,user314,user314@example.com,$2y$10$whjM3vH9l5z7k examplehashedpassword,2024-11-25 14:44:42.779104
315,user315,user315@example.com,$2y$10$whjM3vH9l5z7k examplehashedpassword,2024-11-02 09:34:40.565795
316,user316,user316@example.com,$2y$10$whjM3vH9l5z7k examplehashedpassword,2025-05-17 05:57:38.216292
317,user317,user317@example.com,$2y$10$whjM3vH9l5z7k examplehashedpassword,2025-02-23 13:48:20.898945
318,user318,user318@example.com,$2y$10$whjM3vH9l5z7k examplehashedpassword,2025-02-03 17:57:41.664416
319,user319,user319@example.com,$2y$10$whjM3vH9l5z7k examplehashedpassword,2025-11-24 03:35:06.353631
320,user320,user320@example.com,$2y$10$whjM3vH9l5z7k examplehashedpassword,2024-04-01 00:09:01.48574
321,user321,user321@example.com,$2y$10$whjM3vH9l5z7k examplehashedpassword,2025-09-03 03:44:47.78873
322,user322,user322@example.com,$2y$10$whjM3vH9l5z7k examplehashedpassword,2024-01-25 10:30:27.643904
323,user323,user323@example.com,$2y$10$whjM3vH9l5z7k examplehashedpassword,2024-03-04 21:56:24.767102
324,user324,user324@example.com,$2y$10$whjM3vH9l5z7k examplehashedpassword,2024-11-24 15:16:31.046418
325,user325,user325@example.com,$2y$10$whjM3vH9l5z7k examplehashedpassword,2024-03-11 12:18:43.673522
326,user326,user326@example.com,$2y$10$whjM3vH9l5z7k examplehashedpassword,2024-03-09 02:11:55.656764
327,user327,user327@example.com,$2y$10$whjM3vH9l5z7k examplehashedpassword,2025-10-03 13:46:54.616681
328,user328,user328@example.com,$2y$10$whjM3vH9l5z7k examplehashedpassword,2024-05-24 14:27:08.006633
329,user329,user329@example.com,$2y$10$whjM3vH9l5z7k examplehashedpassword,2024-12-01 07:48:32.515702
330,user330,user330@example.com,$2y$10$whjM3vH9l5z7k examplehashedpassword,2024-07-01 08:09:59.376948
331,user331,user331@example.com,$2y$10$whjM3vH9l5z7k examplehashedpassword,2024-11-27 18:38:51.680611
332,user332,user332@example.com,$2y$10$whjM3vH9l5z7k examplehashedpassword,2024-09-07 16:55:19.854278
333,user333,user333@example.com,$2y$10$whjM3vH9l5z7k examplehashedpassword,2024-03-08 14:55:29.749993
334,user334,user334@example.com,$2y$10$whjM3vH9l5z7k examplehashedpassword,2024-11-08 20:54:13.797785
335,user335,user335@example.com,$2y$10$whjM3vH9l5z7k examplehashedpassword,2025-06-25 13:26:58.382632
336,user336,user336@example.com,$2y$10$whjM3vH9l5z7k examplehashedpassword,2025-04-18 22:44:02.984738
337,user337,user337@example.com,$2y$10$whjM3vH9l5z7k examplehashedpassword,2024-04-08 02:23:40.537725
338,user338,user338@example.com,$2y$10$whjM3vH9l5z7k examplehashedpassword,2025-04-21 23:33:08.837817
339,user339,user339@example.com,$2y$10$whjM3vH9l5z7k examplehashedpassword,2025-02-25 04:49:04.984579
340,user340,user340@example.com,$2y$10$whjM3vH9l5z7k examplehashedpassword,2025-02-15 16:41:46.76351
341,user341,user341@example.com,$2y$10$whjM3vH9l5z7k examplehashedpassword,2025-09-04 08:53:30.745892
342,user342,user342@example.com,$2y$10$whjM3vH9l5z7k examplehashedpassword,2024-07-28 15:42:05.252498
343,user343,user343@example.com,$2y$10$whjM3vH9l5z7k examplehashedpassword,2024-09-10 11:59:35.988238
344,user344,user344@example.com,$2y$10$whjM3vH9l5z7k examplehashedpassword,2025-08-06 15:40:02.27519
345,user345,user345@example.com,$2y$10$whjM3vH9l5z7k examplehashedpassword,2024-07-18 17:45:35.499617
346,user346,user346@example.com,$2y$10$whjM3vH9l5z7k examplehashedpassword,2024-01-16 13:18:44.101109
347,user347,user347@example.com,$2y$10$whjM3vH9l5z7k examplehashedpassword,2024-04-10 01:39:46.923049
348,user348,user348@example.com,$2y$10$whjM3vH9l5z7k examplehashedpassword,2024-03-25 01:13:49.880309
349,user349,user349@example.com,$2y$10$whjM3vH9l5z7k examplehashedpassword,2024-08-17 00:20:58.596865
350,user350,user350@example.com,$2y$10$whjM3vH9l5z7k examplehashedpassword,2024-08-12 20:34:18.517798
351,user351,user351@example.com,$2y$10$whjM3vH9l5z7k examplehashedpassword,2024-03-10 15:46:50.058861
352,user352,user352@example.com,$2y$10$whjM3vH9l5z7k examplehashedpassword,2024-01-13 09:04:34.94429
353,user353,user353@example.com,$2y$10$whjM3vH9l5z7k examplehashedpassword,2025-11-11 03:33:00.095688
354,user354,user354@example.com,$2y$10$whjM3vH9l5z7k examplehashedpassword,2024-08-21 00:07:46.892569
355,user355,user355@example.com,$2y$10$whjM3vH9l5z7k examplehashedpassword,2024-01-13 23:21:50.609124
356,user356,user356@example.com,$2y$10$whjM3vH9l5z7k examplehashedpassword,2024-04-12 14:35:51.208827
357,user357,user357@example.com,$2y$10$whjM3vH9l5z7k examplehashedpassword,2025-08-09 23:22:20.779007
358,user358,user358@example.com,$2y$10$whjM3vH9l5z7k examplehashedpassword,2024-11-03 19:08:48.24475
359,user359,user359@example.com,$2y$10$whjM3vH9l5z7k examplehashedpassword,2024-11-14 14:05:47.805173
360,user360,user360@example.com,$2y$10$whjM3vH9l5z7k examplehashedpassword,2024-03-21 07:01:39.952245
361,user361,user361@example.com,$2y$10$whjM3vH9l5z7k examplehashedpassword,2025-11-18 16:10:58.24501
362,user362,user362@example.com,$2y$10$whjM3vH9l5z7k examplehashedpassword,2024-08-08 01:06:57.261421
363,user363,user363@example.com,$2y$10$whjM3vH9l5z7k examplehashedpassword,2025-05-11 05:31:28.496174
364,user364,user364@example.com,$2y$10$whjM3vH9l5z7k examplehashedpassword,2024-11-20 09:28:06.260511
365,user365,user365@example.com,$2y$10$whjM3vH9l5z7k examplehashedpassword,2024-09-05 11:55:40.692704
366,user366,user366@example.com,$2y$10$whjM3vH9l5z7k examplehashedpassword,2025-07-28 16:14:45.776904
367,user367,user367@example.com,$2y$10$whjM3vH9l5z7k examplehashedpassword,2025-11-19 14:06:20.150656
368,user368,user368@example.com,$2y$10$whjM3vH9l5z7k examplehashedpassword,2025-10-18 15:27:33.957487
369,user369,user369@example.com,$2y$10$whjM3vH9l5z7k examplehashedpassword,2024-09-06 05:32:30.578013
370,user370,user370@example.com,$2y$10$whjM3vH9l5z7k examplehashedpassword,2024-05-29 07:06:06.815793
371,user371,user371@example.com,$2y$10$whjM3vH9l5z7k examplehashedpassword,2025-04-25 20:41:48.294625
372,user372,user372@example.com,$2y$10$whjM3vH9l5z7k examplehashedpassword,2025-07-10 16:57:27.410453
373,user373,user373@example.com,$2y$10$whjM3vH9l5z7k examplehashedpassword,2024-08-15 17:39:56.120303
374,user374,user374@example.com,$2y$10$whjM3vH9l5z7k examplehashedpassword,2025-06-27 16:53:44.411913
375,user375,user375@example.com,$2y$10$whjM3vH9l5z7k examplehashedpassword,2024-02-23 13:49:37.505684
376,user376,user376@example.com,$2y$10$whjM3vH9l5z7k examplehashedpassword,2025-05-04 04:52:21.414607
377,user377,user377@example.com,$2y$10$whjM3vH9l5z7k examplehashedpassword,2025-09-04 01:58:15.3111
378,user378,user378@example.com,$2y$10$whjM3vH9l5z7k examplehashedpassword,2025-06-10 08:00:06.0053
379,user379,user379@example.com,$2y$10$whjM3vH9l5z7k examplehashedpassword,2024-04-07 01:45:09.831264
380,user380,user380@example.com,$2y$10$whjM3vH9l5z7k examplehashedpassword,2024-09-16 20:18:22.372793
381,user381,user381@example.com,$2y$10$whjM3vH9l5z7k examplehashedpassword,2025-07-08 20:26:27.692743
382,user382,user382@example.com,$2y$10$whjM3vH9l5z7k examplehashedpassword,2025-05-27 03:55:09.705988
383,user383,user383@example.com,$2y$10$whjM3vH9l5z7k examplehashedpassword,2025-07-01 17:47:20.487395
384,user384,user384@example.com,$2y$10$whjM3vH9l5z7k examplehashedpassword,2025-07-14 05:48:05.260903
385,user385,user385@example.com,$2y$10$whjM3vH9l5z7k examplehashedpassword,2025-04-30 18:15:45.172055
386,user386,user386@example.com,$2y$10$whjM3vH9l5z7k examplehashedpassword,2025-09-16 22:47:35.114683
387,user387,user387@example.com,$2y$10$whjM3vH9l5z7k examplehashedpassword,2025-01-04 07:58:36.078986
388,user388,user388@example.com,$2y$10$whjM3vH9l5z7k examplehashedpassword,2024-01-27 14:37:30.441822
389,user389,user389@example.com,$2y$10$whjM3vH9l5z7k examplehashedpassword,2025-09-21 14:17:50.627162
390,user390,user390@example.com,$2y$10$whjM3vH9l5z7k examplehashedpassword,2024-04-02 10:35:46.604882
391,user391,user391@example.com,$2y$10$whjM3vH9l5z7k examplehashedpassword,2024-05-29 18:50:38.003849
392,user392,user392@example.com,$2y$10$whjM3vH9l5z7k examplehashedpassword,2025-08-28 04:24:47.056117
393,user393,user393@example.com,$2y$10$whjM3vH9l5z7k examplehashedpassword,2025-06-17 06:03:56.086775
394,user394,user394@example.com,$2y$10$whjM3vH9l5z7k examplehashedpassword,2025-01-02 01:29:01.879503
395,user395,user395@example.com,$2y$10$whjM3vH9l5z7k examplehashedpassword,2024-02-22 17:35:01.894829
396,user396,user396@example.com,$2y$10$whjM3vH9l5z7k examplehashedpassword,2025-11-22 21:36:44.863604
397,user397,user397@example.com,$2y$10$whjM3vH9l5z7k examplehashedpassword,2025-06-14 16:42:35.778053
398,user398,user398@example.com,$2y$10$whjM3vH9l5z7k examplehashedpassword,2024-03-02 13:29:45.819718
399,user399,user399@example.com,$2y$10$whjM3vH9l5z7k examplehashedpassword,2025-10-18 07:14:06.352714
400,user400,user400@example.com,$2y$10$whjM3vH9l5z7k examplehashedpassword,2025-09-05 11:45:45.696182
401,user401,user401@example.com,$2y$10$whjM3vH9l5z7k examplehashedpassword,2024-10-24 22:57:36.741569
402,user402,user402@example.com,$2y$10$whjM3vH9l5z7k examplehashedpassword,2025-08-10 09:01:10.85492
403,user403,user403@example.com,$2y$10$whjM3vH9l5z7k examplehashedpassword,2024-06-13 17:31:41.386387
404,user404,user404@example.com,$2y$10$whjM3vH9l5z7k examplehashedpassword,2024-03-17 03:01:15.074691
405,user405,user405@example.com,$2y$10$whjM3vH9l5z7k examplehashedpassword,2024-12-16 22:09:11.592466
406,user406,user406@example.com,$2y$10$whjM3vH9l5z7k examplehashedpassword,2025-02-18 04:14:08.308796
407,user407,user407@example.com,$2y$10$whjM3vH9l5z7k examplehashedpassword,2024-01-17 19:11:19.320447
408,user408,user408@example.com,$2y$10$whjM3vH9l5z7k examplehashedpassword,2024-01-02 23:59:02.201211
409,user409,user409@example.com,$2y$10$whjM3vH9l5z7k examplehashedpassword,2025-10-02 20:23:18.069713
410,user410,user410@example.com,$2y$10$whjM3vH9l5z7k examplehashedpassword,2024-11-25 14:05:12.571726
411,user411,user411@example.com,$2y$10$whjM3vH9l5z7k examplehashedpassword,2024-06-15 14:38:29.761529
412,user412,user412@example.com,$2y$10$whjM3vH9l5z7k examplehashedpassword,2024-05-12 10:01:34.057296
413,user413,user413@example.com,$2y$10$whjM3vH9l5z7k examplehashedpassword,2024-04-14 22:37:42.519589
414,user414,user414@example.com,$2y$10$whjM3vH9l5z7k examplehashedpassword,2025-11-26 01:22:41.77887
415,user415,user415@example.com,$2y$10$whjM3vH9l5z7k examplehashedpassword,2025-09-23 11:29:33.209905
416,user416,user416@example.com,$2y$10$whjM3vH9l5z7k examplehashedpassword,2025-10-24 19:58:20.340403
417,user417,user417@example.com,$2y$10$whjM3vH9l5z7k examplehashedpassword,2025-08-17 13:29:09.441155
418,user418,user418@example.com,$2y$10$whjM3vH9l5z7k examplehashedpassword,2025-01-06 19:27:06.392705
419,user419,user419@example.com,$2y$10$whjM3vH9l5z7k examplehashedpassword,2024-05-03 20:26:18.685893
420,user420,user420@example.com,$2y$10$whjM3vH9l5z7k examplehashedpassword,2024-08-12 10:39:28.730526
421,user421,user421@example.com,$2y$10$whjM3vH9l5z7k examplehashedpassword,2025-04-08 09:48:06.961366
422,user422,user422@example.com,$2y$10$whjM3vH9l5z7k examplehashedpassword,2024-02-02 18:16:24.649544
423,user423,user423@example.com,$2y$10$whjM3vH9l5z7k examplehashedpassword,2024-10-22 10:21:32.313599
424,user424,user424@example.com,$2y$10$whjM3vH9l5z7k examplehashedpassword,2025-01-31 02:55:53.512641
425,user425,user425@example.com,$2y$10$whjM3vH9l5z7k examplehashedpassword,2024-05-13 07:00:48.943076
426,user426,user426@example.com,$2y$10$whjM3vH9l5z7k examplehashedpassword,2024-04-19 10:24:54.159007
427,user427,user427@example.com,$2y$10$whjM3vH9l5z7k examplehashedpassword,2024-08-11 09:47:14.437841
428,user428,user428@example.com,$2y$10$whjM3vH9l5z7k examplehashedpassword,2025-08-12 19:37:29.601029
429,user429,user429@example.com,$2y$10$whjM3vH9l5z7k examplehashedpassword,2024-04-12 13:33:19.365584
430,user430,user430@example.com,$2y$10$whjM3vH9l5z7k examplehashedpassword,2025-07-03 16:14:14.987363
431,user431,user431@example.com,$2y$10$whjM3vH9l5z7k examplehashedpassword,2024-10-07 07:36:48.829813
432,user432,user432@example.com,$2y$10$whjM3vH9l5z7k examplehashedpassword,2025-01-20 01:10:36.265458
433,user433,user433@example.com,$2y$10$whjM3vH9l5z7k examplehashedpassword,2024-04-04 08:13:19.243187
434,user434,user434@example.com,$2y$10$whjM3vH9l5z7k examplehashedpassword,2024-11-17 12:49:10.692805
435,user435,user435@example.com,$2y$10$whjM3vH9l5z7k examplehashedpassword,2025-09-22 06:54:04.127918
436,user436,user436@example.com,$2y$10$whjM3vH9l5z7k examplehashedpassword,2024-10-29 01:59:49.996585
437,user437,user437@example.com,$2y$10$whjM3vH9l5z7k examplehashedpassword,2025-11-02 15:24:29.600374
438,user438,user438@example.com,$2y$10$whjM3vH9l5z7k examplehashedpassword,2024-11-13 20:23:37.955414
439,user439,user439@example.com,$2y$10$whjM3vH9l5z7k examplehashedpassword,2024-02-01 15:02:49.856719
440,user440,user440@example.com,$2y$10$whjM3vH9l5z7k examplehashedpassword,2024-06-01 11:46:48.009547
441,user441,user441@example.com,$2y$10$whjM3vH9l5z7k examplehashedpassword,2025-11-08 19:12:47.662513
442,user442,user442@example.com,$2y$10$whjM3vH9l5z7k examplehashedpassword,2025-09-03 01:57:43.924521
443,user443,user443@example.com,$2y$10$whjM3vH9l5z7k examplehashedpassword,2024-01-18 14:33:54.650989
444,user444,user444@example.com,$2y$10$whjM3vH9l5z7k examplehashedpassword,2024-02-17 13:47:05.792167
445,user445,user445@example.com,$2y$10$whjM3vH9l5z7k examplehashedpassword,2025-03-28 19:12:11.504665
446,user446,user446@example.com,$2y$10$whjM3vH9l5z7k examplehashedpassword,2024-10-23 08:04:10.051374
447,user447,user447@example.com,$2y$10$whjM3vH9l5z7k examplehashedpassword,2025-10-26 14:22:49.671493
448,user448,user448@example.com,$2y$10$whjM3vH9l5z7k examplehashedpassword,2024-08-15 23:14:55.935307
449,user449,user449@example.com,$2y$10$whjM3vH9l5z7k examplehashedpassword,2024-07-16 19:49:05.614431
450,user450,user450@example.com,$2y$10$whjM3vH9l5z7k examplehashedpassword,2025-04-29 11:45:00.376694
451,user451,user451@example.com,$2y$10$whjM3vH9l5z7k examplehashedpassword,2024-07-11 03:21:12.66145
452,user452,user452@example.com,$2y$10$whjM3vH9l5z7k examplehashedpassword,2024-06-22 04:56:39.574588
453,user453,user453@example.com,$2y$10$whjM3vH9l5z7k examplehashedpassword,2025-03-05 20:12:10.055706
454,user454,user454@example.com,$2y$10$whjM3vH9l5z7k examplehashedpassword,2024-09-04 17:16:11.163897
455,user455,user455@example.com,$2y$10$whjM3vH9l5z7k examplehashedpassword,2024-05-17 23:03:59.387724
456,user456,user456@example.com,$2y$10$whjM3vH9l5z7k examplehashedpassword,2025-06-30 21:35:07.260433
457,user457,user457@example.com,$2y$10$whjM3vH9l5z7k examplehashedpassword,2025-07-12 18:36:19.202486
458,user458,user458@example.com,$2y$10$whjM3vH9l5z7k examplehashedpassword,2024-09-18 01:07:53.498269
459,user459,user459@example.com,$2y$10$whjM3vH9l5z7k examplehashedpassword,2024-03-11 06:19:17.00488
460,user460,user460@example.com,$2y$10$whjM3vH9l5z7k examplehashedpassword,2025-09-30 18:04:58.977665
461,user461,user461@example.com,$2y$10$whjM3vH9l5z7k examplehashedpassword,2025-07-09 09:28:28.991585
462,user462,user462@example.com,$2y$10$whjM3vH9l5z7k examplehashedpassword,2024-07-12 18:45:16.133063
463,user463,user463@example.com,$2y$10$whjM3vH9l5z7k examplehashedpassword,2025-10-30 01:37:38.836495
464,user464,user464@example.com,$2y$10$whjM3vH9l5z7k examplehashedpassword,2025-07-25 00:27:17.912263
465,user465,user465@example.com,$2y$10$whjM3vH9l5z7k examplehashedpassword,2025-09-26 00:53:13.754567
466,user466,user466@example.com,$2y$10$whjM3vH9l5z7k examplehashedpassword,2025-10-18 08:15:31.607856
467,user467,user467@example.com,$2y$10$whjM3vH9l5z7k examplehashedpassword,2024-01-07 07:38:54.184654
468,user468,user468@example.com,$2y$10$whjM3vH9l5z7k examplehashedpassword,2025-11-07 10:42:38.280394
469,user469,user469@example.com,$2y$10$whjM3vH9l5z7k examplehashedpassword,2025-05-28 22:43:31.794943
470,user470,user470@example.com,$2y$10$whjM3vH9l5z7k examplehashedpassword,2024-09-01 19:34:29.374566
471,user471,user471@example.com,$2y$10$whjM3vH9l5z7k examplehashedpassword,2024-12-28 13:16:29.546725
472,user472,user472@example.com,$2y$10$whjM3vH9l5z7k examplehashedpassword,2025-04-01 16:25:53.780319
473,user473,user473@example.com,$2y$10$whjM3vH9l5z7k examplehashedpassword,2024-12-18 17:55:28.749306
474,user474,user474@example.com,$2y$10$whjM3vH9l5z7k examplehashedpassword,2025-02-20 01:37:17.377047
475,user475,user475@example.com,$2y$10$whjM3vH9l5z7k examplehashedpassword,2025-08-06 17:15:39.178173
476,user476,user476@example.com,$2y$10$whjM3vH9l5z7k examplehashedpassword,2025-06-23 07:42:35.669395
477,user477,user477@example.com,$2y$10$whjM3vH9l5z7k examplehashedpassword,2024-08-14 11:17:40.086122
478,user478,user478@example.com,$2y$10$whjM3vH9l5z7k examplehashedpassword,2025-09-04 13:47:08.195282
479,user479,user479@example.com,$2y$10$whjM3vH9l5z7k examplehashedpassword,2024-12-10 05:43:29.360222
480,user480,user480@example.com,$2y$10$whjM3vH9l5z7k examplehashedpassword,2024-10-25 06:20:12.224259
481,user481,user481@example.com,$2y$10$whjM3vH9l5z7k examplehashedpassword,2025-02-18 23:17:45.747836
482,user482,user482@example.com,$2y$10$whjM3vH9l5z7k examplehashedpassword,2025-11-02 14:13:38.10776
483,user483,user483@example.com,$2y$10$whjM3vH9l5z7k examplehashedpassword,2024-05-20 20:35:21.792715
484,user484,user484@example.com,$2y$10$whjM3vH9l5z7k examplehashedpassword,2025-09-11 18:00:42.448047
485,user485,user485@example.com,$2y$10$whjM3vH9l5z7k examplehashedpassword,2024-05-23 11:26:03.038129
486,user486,user486@example.com,$2y$10$whjM3vH9l5z7k examplehashedpassword,2025-06-07 18:00:20.463032
487,user487,user487@example.com,$2y$10$whjM3vH9l5z7k examplehashedpassword,2025-09-19 13:45:29.157248
488,user488,user488@example.com,$2y$10$whjM3vH9l5z7k examplehashedpassword,2025-09-01 00:24:35.846207
489,user489,user489@example.com,$2y$10$whjM3vH9l5z7k examplehashedpassword,2024-09-01 05:12:47.843924
490,user490,user490@example.com,$2y$10$whjM3vH9l5z7k examplehashedpassword,2025-05-03 11:11:09.63679
491,user491,user491@example.com,$2y$10$whjM3vH9l5z7k examplehashedpassword,2025-07-28 23:16:43.543175
492,user492,user492@example.com,$2y$10$whjM3vH9l5z7k examplehashedpassword,2025-05-06 08:29:30.355531
493,user493,user493@example.com,$2y$10$whjM3vH9l5z7k examplehashedpassword,2024-05-12 05:38:32.265905
494,user494,user494@example.com,$2y$10$whjM3vH9l5z7k examplehashedpassword,2025-11-07 05:40:44.477003
495,user495,user495@example.com,$2y$10$whjM3vH9l5z7k examplehashedpassword,2024-09-26 12:48:52.643225
496,user496,user496@example.com,$2y$10$whjM3vH9l5z7k examplehashedpassword,2024-08-13 00:09:31.157104
497,user497,user497@example.com,$2y$10$whjM3vH9l5z7k examplehashedpassword,2025-02-12 11:54:44.627509
498,user498,user498@example.com,$2y$10$whjM3vH9l5z7k examplehashedpassword,2024-12-13 07:38:23.529517
499,user499,user499@example.com,$2y$10$whjM3vH9l5z7k examplehashedpassword,2024-01-04 20:04:27.00167
500,user500,user500@example.com,$2y$10$whjM3vH9l5z7k examplehashedpassword,2024-07-11 01:38:39.558161
